Wvl,Raw Counts (Ref.),Rad. (Ref.),Raw Counts (Target),Rad. (Target),-log Reflect.,Reflect. %
346.2,3885,0.01381118,   378,6.718950E-004, 1.31293,  4.865
347.8,4293,0.01449746,   412,6.956620E-004, 1.31889,  4.799
349.4,4807,0.01592559,   465,7.702725E-004, 1.31545,  4.837
351.0,5106,0.01700809,   495,8.244225E-004, 1.31451,  4.847
352.6,5088,0.01788941,   494,8.684520E-004, 1.31385,  4.855
354.1,4854,0.01874615,   484,9.346040E-004, 1.30228,  4.986
355.7,4244,0.01772294,   439,9.166320E-004, 1.28634,  5.172
357.3,3504,0.01593619,   384,8.732160E-004, 1.26126,  5.479
358.9,3177,0.01512252,   359,8.544200E-004, 1.24795,  5.650
360.5,3187,0.01520836,   365,8.708900E-004, 1.24212,  5.726
362.0,3376,0.01530341,   390,8.839350E-004, 1.23837,  5.776
363.6,3701,0.01622889,   436,9.559300E-004, 1.22986,  5.890
365.2,4030,0.0174499,   477,1.032705E-003, 1.22782,  5.918
366.8,4153,0.01858052,   501,1.120737E-003, 1.21955,  6.032
368.3,4006,0.01898043,   506,1.198714E-003, 1.19959,  6.316
369.9,3717,0.01890838,   484,1.231054E-003, 1.18638,  6.511
371.5,3416,0.01855571,   464,1.260224E-003, 1.16803,  6.792
373.0,3176,0.0176395,   456,1.266312E-003, 1.14395,  7.179
374.6,3285,0.01769958,   486,1.309284E-003, 1.13093,  7.397
376.2,3936,0.01945171,   597,1.475187E-003, 1.12011,  7.584
377.7,4818,0.02147383,   743,1.655776E-003, 1.11291,  7.711
379.3,5198,0.02251774,   822,1.780452E-003, 1.10199,  7.907
380.8,4901,0.02143697,   810,1.771470E-003, 1.08283,  8.264
382.4,4425,0.01940805,   769,1.686417E-003, 1.06102,  8.689
384.0,4313,0.01776956,   792,1.631520E-003, 1.03708,  9.182
385.5,4866,0.01854919,   929,1.770674E-003, 1.02019,  9.546
387.1,5239,0.01989248,  1047,1.987730E-003, 1.00033,  9.992
388.6,5268,0.02109307,  1130,2.262260E-003, 0.96960, 10.725
390.2,5356,0.02305222,  1242,2.672784E-003, 0.93575, 11.594
391.7,5203,0.02349155,  1320,2.979900E-003, 0.89671, 12.685
393.3,4743,0.02126287,  1334,2.990161E-003, 0.85193, 14.063
394.9,4923,0.02059783,  1555,3.253060E-003, 0.80153, 15.793
396.4,5475,0.02082143,  1898,3.609047E-003, 0.76112, 17.333
397.9,6483,0.02198385,  2524,4.279442E-003, 0.71072, 19.466
399.5,8527,0.0261182,  3684,5.642046E-003, 0.66551, 21.602
401.0,10673,0.02969229,  5039,7.009249E-003, 0.62697, 23.606
402.6,12279,0.03206047,  6304,8.229872E-003, 0.59058, 25.670
404.1,13301,0.03378454,  7366,9.354820E-003, 0.55768, 27.690
405.7,13587,0.03486424,  8074,1.035894E-002, 0.52706, 29.712
407.2,13311,0.03550044,  8481,1.130941E-002, 0.49679, 31.857
408.8,12789,0.03586036,  8699,1.219600E-002, 0.46840, 34.010
410.3,12049,0.03568914,  8698,1.288174E-002, 0.44256, 36.094
411.8,11380,0.03538042,  8694,1.351482E-002, 0.41795, 38.199
413.4,11142,0.03566554,  8912,1.426366E-002, 0.39802, 39.993
414.9,10965,0.03519765,  9117,1.463279E-002, 0.38119, 41.573
416.4,11228,0.03453733,  9650,1.484170E-002, 0.36681, 42.973
418.0,12064,0.03376714, 10666,1.492707E-002, 0.35452, 44.206
419.5,13180,0.03342448, 11887,1.507272E-002, 0.34587, 45.095
421.1,14467,0.03360684, 13262,1.540381E-002, 0.33880, 45.835
422.6,15637,0.03343191, 14485,1.548447E-002, 0.33426, 46.316
424.1,16480,0.03335552, 15391,1.557569E-002, 0.33072, 46.696
425.6,16860,0.03370314, 15840,1.583208E-002, 0.32813, 46.975
427.2,16529,0.03363652, 15601,1.587402E-002, 0.32612, 47.193
428.7,15595,0.03282748, 14765,1.554016E-002, 0.32478, 47.339
430.2,14164,0.03110414, 13457,1.477579E-002, 0.32327, 47.504
431.8,13393,0.0308039, 12778,1.469470E-002, 0.32144, 47.704
433.3,13481,0.03204434, 12904,1.533640E-002, 0.32003, 47.860
434.8,13493,0.0325721, 12956,1.563789E-002, 0.31867, 48.010
436.4,13670,0.03314975, 13165,1.596256E-002, 0.31738, 48.153
437.9,13758,0.03295041, 13278,1.590041E-002, 0.31645, 48.256
439.4,13831,0.03219857, 13402,1.559993E-002, 0.31471, 48.449
440.9,14580,0.03261546, 14152,1.582901E-002, 0.31397, 48.532
442.4,15607,0.03341459, 15173,1.624270E-002, 0.31328, 48.610
444.0,16637,0.03388957, 16185,1.648442E-002, 0.31299, 48.642
445.5,17662,0.03366377, 17204,1.639541E-002, 0.31244, 48.703
447.0,19050,0.03404235, 18568,1.659051E-002, 0.31216, 48.735
448.5,20450,0.0352149, 19937,1.716576E-002, 0.31206, 48.746
450.0,21415,0.03655541, 20885,1.782535E-002, 0.31191, 48.763
451.5,21620,0.0371864, 21088,1.813568E-002, 0.31185, 48.770
453.1,21049,0.036941, 20538,1.802210E-002, 0.31170, 48.786
454.6,20250,0.03642975, 19767,1.778042E-002, 0.31151, 48.807
456.1,19793,0.03663684, 19330,1.788992E-002, 0.31131, 48.830
457.6,19359,0.03666595, 18912,1.790966E-002, 0.31118, 48.845
459.1,18843,0.03623509, 18428,1.771852E-002, 0.31070, 48.899
460.6,18493,0.03600587, 18104,1.762424E-002, 0.31026, 48.948
462.1,18025,0.03657273, 17655,1.791100E-002, 0.31004, 48.974
463.6,16449,0.03681286, 16115,1.803269E-002, 0.30994, 48.985
465.1,14528,0.03491078, 14249,1.712017E-002, 0.30945, 49.040
466.6,14453,0.03215793, 14189,1.578526E-002, 0.30904, 49.087
468.2,16616,0.03185287, 16335,1.565710E-002, 0.30844, 49.154
469.7,19173,0.03232568, 18869,1.590657E-002, 0.30797, 49.207
471.2,21017,0.03274449, 20717,1.613854E-002, 0.30727, 49.286
472.7,22030,0.03302297, 21723,1.628139E-002, 0.30712, 49.303
474.2,22632,0.03317851, 22330,1.636789E-002, 0.30686, 49.333
475.7,22828,0.03305494, 22527,1.630955E-002, 0.30679, 49.341
477.2,22875,0.03319163, 22583,1.638397E-002, 0.30661, 49.362
478.7,22661,0.03349296, 22368,1.652995E-002, 0.30668, 49.354
480.2,22104,0.0337307, 21836,1.666087E-002, 0.30633, 49.394
481.7,21305,0.03376843, 21033,1.666865E-002, 0.30661, 49.362
483.2,20353,0.03346033, 20098,1.652056E-002, 0.30651, 49.374
484.7,19147,0.03245417, 18916,1.603131E-002, 0.30630, 49.397
486.2,17799,0.03082787, 17590,1.523294E-002, 0.30616, 49.413
487.7,17029,0.02980075, 16836,1.473150E-002, 0.30598, 49.433
489.2,17210,0.03010029, 17020,1.488399E-002, 0.30585, 49.448
490.6,17473,0.03010598, 17292,1.489706E-002, 0.30555, 49.482
492.1,17692,0.02974025, 17521,1.472640E-002, 0.30525, 49.517
493.6,18097,0.02935333, 17913,1.452744E-002, 0.30547, 49.492
495.1,18868,0.029302, 18688,1.451123E-002, 0.30519, 49.523
496.6,19722,0.02924773, 19547,1.449410E-002, 0.30490, 49.556
498.1,20414,0.02896747, 20245,1.436383E-002, 0.30464, 49.586
499.6,20926,0.02871047, 20765,1.424479E-002, 0.30438, 49.615
501.1,21113,0.0284181, 20958,1.410473E-002, 0.30423, 49.633
502.6,21093,0.0283279, 20942,1.406255E-002, 0.30415, 49.642
504.1,21018,0.02852143, 20878,1.416572E-002, 0.30393, 49.667
505.5,20939,0.02881206, 20807,1.431522E-002, 0.30378, 49.685
507.0,20787,0.02895629, 20674,1.439944E-002, 0.30340, 49.728
508.5,20527,0.02894307, 20415,1.439258E-002, 0.30341, 49.727
510.0,20159,0.02896848, 20056,1.441024E-002, 0.30325, 49.745
511.5,19639,0.02898716, 19546,1.442495E-002, 0.30309, 49.763
513.0,18849,0.02866933, 18765,1.427078E-002, 0.30297, 49.777
514.4,17975,0.02807695, 17902,1.398146E-002, 0.30280, 49.797
515.9,17044,0.02725336, 16977,1.357311E-002, 0.30274, 49.803
517.4,16143,0.02624852, 16076,1.306979E-002, 0.30284, 49.792
518.9,15629,0.02567845, 15577,1.279651E-002, 0.30248, 49.834
520.4,15732,0.026005, 15673,1.295373E-002, 0.30266, 49.812
521.8,15866,0.02625823, 15813,1.308526E-002, 0.30248, 49.833
523.3,15932,0.02639932, 15880,1.315658E-002, 0.30245, 49.837
524.8,15964,0.0265641, 15917,1.324294E-002, 0.30231, 49.853
526.2,15640,0.02630648, 15600,1.311960E-002, 0.30214, 49.872
527.7,15225,0.0260652, 15193,1.300521E-002, 0.30194, 49.895
529.2,15176,0.02620895, 15145,1.307771E-002, 0.30192, 49.898
530.7,15596,0.02641962, 15568,1.318610E-002, 0.30181, 49.910
532.1,16178,0.02604658, 16147,1.299834E-002, 0.30186, 49.904
533.6,17027,0.02579591, 17008,1.288356E-002, 0.30151, 49.944
535.1,18074,0.02597234, 18053,1.297108E-002, 0.30153, 49.942
536.5,18888,0.02604655, 18873,1.301293E-002, 0.30138, 49.960
538.0,19347,0.02596367, 19348,1.298251E-002, 0.30101, 50.003
539.5,19473,0.02572383, 19481,1.286720E-002, 0.30085, 50.021
540.9,19408,0.02552152, 19415,1.276536E-002, 0.30087, 50.018
542.4,19294,0.02554526, 19305,1.277991E-002, 0.30078, 50.029
543.9,19190,0.02579136, 19214,1.291181E-002, 0.30049, 50.063
545.3,18888,0.02595211, 18917,1.299598E-002, 0.30036, 50.077
546.8,18386,0.02597942, 18414,1.300949E-002, 0.30037, 50.076
548.2,17823,0.02591464, 17870,1.299149E-002, 0.29989, 50.132
549.7,17297,0.02587631, 17338,1.296882E-002, 0.30000, 50.119
551.2,16840,0.02588308, 16887,1.297766E-002, 0.29982, 50.140
552.6,16385,0.02572445, 16434,1.290069E-002, 0.29973, 50.150
554.1,16064,0.02565421, 16120,1.287182E-002, 0.29952, 50.174
555.5,15789,0.02548345, 15841,1.278369E-002, 0.29960, 50.165
557.0,15514,0.02516371, 15568,1.262565E-002, 0.29952, 50.174
558.5,15216,0.02468035, 15281,1.239289E-002, 0.29918, 50.214
559.9,15148,0.02440343, 15223,1.226213E-002, 0.29889, 50.248
561.4,15268,0.02430666, 15351,1.221940E-002, 0.29868, 50.272
562.8,15478,0.02428498, 15568,1.221310E-002, 0.29851, 50.291
564.3,15689,0.02420813, 15790,1.218199E-002, 0.29824, 50.322
565.7,15870,0.02404305, 15976,1.210182E-002, 0.29814, 50.334
567.2,16104,0.02396275, 16213,1.206247E-002, 0.29810, 50.338
568.6,16356,0.02389612, 16475,1.203499E-002, 0.29788, 50.364
570.1,16492,0.023699, 16614,1.193716E-002, 0.29783, 50.370
571.5,16746,0.02364535, 16876,1.191446E-002, 0.29767, 50.388
573.0,17103,0.02380738, 17250,1.200600E-002, 0.29731, 50.430
574.4,17372,0.02390387, 17532,1.206202E-002, 0.29705, 50.461
575.8,17412,0.02385444, 17581,1.204299E-002, 0.29684, 50.485
577.3,17297,0.02381797, 17473,1.203016E-002, 0.29663, 50.509
578.7,17124,0.02385373, 17302,1.205084E-002, 0.29654, 50.520
580.2,16848,0.0240084, 17044,1.214385E-002, 0.29601, 50.582
581.6,16545,0.0243377, 16750,1.231963E-002, 0.29568, 50.620
583.0,16089,0.02458399, 16296,1.245014E-002, 0.29548, 50.643
584.5,15491,0.02458422, 15707,1.246350E-002, 0.29502, 50.697
585.9,14887,0.02437002, 15106,1.236426E-002, 0.29469, 50.736
587.4,14384,0.02405005, 14605,1.220978E-002, 0.29441, 50.768
588.8,13825,0.0233919, 14044,1.188122E-002, 0.29420, 50.792
590.2,13458,0.02297281, 13675,1.167161E-002, 0.29408, 50.806
591.7,13412,0.02306864, 13650,1.173900E-002, 0.29339, 50.887
593.1,13429,0.02320531, 13674,1.181434E-002, 0.29318, 50.912
594.5,13318,0.02309341, 13572,1.176692E-002, 0.29283, 50.954
596.0,13245,0.02300657, 13510,1.173344E-002, 0.29243, 51.000
597.4,13223,0.02295513, 13503,1.172060E-002, 0.29193, 51.059
598.8,13226,0.02286775, 13516,1.168458E-002, 0.29161, 51.096
600.3,13238,0.02272965, 13541,1.162495E-002, 0.29120, 51.144
601.7,13297,0.02257831, 13611,1.155574E-002, 0.29089, 51.181
603.1,13465,0.02255388, 13795,1.155331E-002, 0.29051, 51.225
604.5,13739,0.02260066, 14079,1.157998E-002, 0.29041, 51.237
606.0,14002,0.02255722, 14366,1.157181E-002, 0.28988, 51.300
607.4,14231,0.02242806, 14602,1.150638E-002, 0.28985, 51.303
608.8,14475,0.02224808, 14866,1.142452E-002, 0.28945, 51.351
610.2,14726,0.02207427, 15135,1.134368E-002, 0.28913, 51.389
611.7,15017,0.02196987, 15453,1.130387E-002, 0.28860, 51.452
613.1,15289,0.02186327, 15734,1.124981E-002, 0.28857, 51.455
614.5,15531,0.02172787, 16001,1.119270E-002, 0.28808, 51.513
615.9,15669,0.02156054, 16154,1.111395E-002, 0.28779, 51.548
617.3,15846,0.02153471, 16367,1.112138E-002, 0.28698, 51.644
618.8,16044,0.02170753, 16581,1.121705E-002, 0.28673, 51.674
620.2,16192,0.02192397, 16738,1.133163E-002, 0.28663, 51.686
621.6,16100,0.0219443, 16663,1.135583E-002, 0.28610, 51.748
623.0,15846,0.02183579, 16419,1.131269E-002, 0.28560, 51.808
624.4,15518,0.02164761, 16090,1.122278E-002, 0.28531, 51.843
625.8,15228,0.02153239, 15815,1.118121E-002, 0.28460, 51.927
627.2,14907,0.02139155, 15487,1.111192E-002, 0.28445, 51.945
628.6,14570,0.0212722, 15156,1.106388E-002, 0.28390, 52.011
630.0,14233,0.02116447, 14803,1.100603E-002, 0.28398, 52.002
631.5,13906,0.02113712, 14486,1.100936E-002, 0.28328, 52.085
632.9,13607,0.02119971, 14178,1.104466E-002, 0.28318, 52.098
634.3,13321,0.02128696, 13890,1.109811E-002, 0.28286, 52.136
635.7,12989,0.02132794, 13554,1.112783E-002, 0.28254, 52.175
637.1,12680,0.02140384, 13237,1.117203E-002, 0.28236, 52.196
638.5,12365,0.02144091, 12923,1.120424E-002, 0.28186, 52.256
639.9,11978,0.02135677, 12532,1.117228E-002, 0.28139, 52.313
641.3,11598,0.02120114, 12134,1.109048E-002, 0.28141, 52.311
642.7,11287,0.02112926, 11816,1.105978E-002, 0.28114, 52.343
644.1,11031,0.02109127, 11545,1.103702E-002, 0.28125, 52.330
645.5,10733,0.02091862, 11245,1.095825E-002, 0.28079, 52.385
646.9,10449,0.02067857, 10948,1.083305E-002, 0.28077, 52.388
648.3,10208,0.020416, 10683,1.068300E-002, 0.28128, 52.327
649.6,10056,0.02021256, 10531,1.058366E-002, 0.28099, 52.362
651.0,9999,0.02009799, 10477,1.052939E-002, 0.28075, 52.390
652.4,10058,0.020116, 10547,1.054700E-002, 0.28041, 52.431
653.8,10094,0.01996593, 10582,1.046560E-002, 0.28053, 52.417
655.2,9897,0.01929915, 10391,1.013123E-002, 0.27988, 52.496
656.6,9734,0.01866008, 10212,9.788202E-003, 0.28021, 52.455
658.0,9906,0.01863319, 10401,9.782141E-003, 0.27985, 52.498
659.4,10419,0.01921264, 10946,1.009221E-002, 0.27960, 52.529
660.8,10760,0.01946484, 11316,1.023532E-002, 0.27915, 52.584
662.1,11033,0.01957254, 11593,1.028299E-002, 0.27953, 52.538
663.5,11237,0.01958609, 11819,1.030026E-002, 0.27910, 52.590
664.9,11429,0.01961216, 12023,1.031573E-002, 0.27903, 52.599
666.3,11607,0.01967387, 12201,1.034035E-002, 0.27935, 52.559
667.7,11704,0.01967442, 12315,1.035076E-002, 0.27893, 52.610
669.1,11766,0.01970805, 12369,1.035904E-002, 0.27932, 52.562
670.4,11736,0.01963433, 12343,1.032492E-002, 0.27913, 52.586
671.8,11673,0.01956395, 12261,1.027472E-002, 0.27969, 52.519
673.2,11605,0.01953122, 12187,1.025536E-002, 0.27978, 52.508
674.6,11533,0.01951384, 12101,1.023745E-002, 0.28015, 52.462
675.9,11451,0.01950105, 12012,1.022822E-002, 0.28026, 52.450
677.3,11374,0.01950641, 11929,1.022912E-002, 0.28034, 52.440
678.7,11274,0.01952657, 11827,1.024218E-002, 0.28023, 52.453
680.0,11150,0.01954595, 11698,1.025330E-002, 0.28019, 52.457
681.4,11004,0.01957612, 11553,1.027639E-002, 0.27989, 52.495
682.8,10817,0.01958959, 11354,1.028105E-002, 0.27999, 52.482
684.1,10569,0.01953151, 11116,1.027118E-002, 0.27912, 52.588
685.5,10122,0.01912046, 10655,1.006365E-002, 0.27874, 52.633
686.9,9277,0.01794172,  9765,9.442755E-003, 0.27877, 52.630
688.2,8511,0.01687731,  8972,8.895738E-003, 0.27812, 52.708
689.6,8275,0.01683135,  8728,8.876376E-003, 0.27788, 52.737
691.0,8273,0.01729057,  8739,9.132255E-003, 0.27723, 52.816
692.3,8253,0.01769443,  8733,9.361776E-003, 0.27648, 52.908
693.7,8170,0.01798217,  8644,9.512722E-003, 0.27654, 52.901
695.0,8064,0.01822464,  8526,9.634380E-003, 0.27684, 52.865
696.4,7989,0.01852649,  8483,9.836039E-003, 0.27497, 53.092
697.8,7899,0.01877592,  8392,9.973892E-003, 0.27474, 53.121
699.1,7721,0.01878519,  8211,9.988682E-003, 0.27431, 53.173
700.5,7499,0.01865751,  7978,9.924632E-003, 0.27414, 53.194
701.8,7294,0.01857052,  7759,9.877207E-003, 0.27419, 53.188
703.2,7157,0.01863683,  7615,9.914730E-003, 0.27409, 53.200
704.5,7044,0.01875817,  7503,9.990245E-003, 0.27361, 53.258
705.9,6932,0.01885504,  7374,1.002864E-002, 0.27419, 53.188
707.2,6814,0.01877938,  7266,1.001255E-002, 0.27314, 53.317
708.5,6782,0.01869797,  7232,9.969312E-003, 0.27313, 53.318
709.9,6849,0.01864983,  7299,9.937589E-003, 0.27339, 53.285
711.2,6978,0.01858939,  7450,9.923400E-003, 0.27260, 53.382
712.6,7147,0.01854647,  7627,9.896033E-003, 0.27280, 53.358
713.9,7304,0.01845721,  7805,9.861618E-003, 0.27222, 53.430
715.3,7416,0.01831752,  7921,9.782435E-003, 0.27242, 53.405
716.6,7310,0.01770482,  7806,9.453066E-003, 0.27252, 53.393
717.9,7030,0.01677358,  7490,8.935570E-003, 0.27350, 53.272
719.3,6786,0.01597424,  7222,8.500294E-003, 0.27399, 53.212
720.6,6873,0.0159866,  7322,8.515486E-003, 0.27355, 53.266
721.9,7156,0.0164588,  7633,8.777950E-003, 0.27301, 53.333
723.3,7309,0.01663528,  7803,8.879814E-003, 0.27263, 53.379
724.6,7280,0.01640912,  7759,8.744393E-003, 0.27336, 53.290
725.9,7296,0.01629926,  7786,8.696962E-003, 0.27280, 53.358
727.3,7400,0.0164058,  7890,8.746065E-003, 0.27318, 53.311
728.6,7435,0.01639418,  7943,8.757158E-003, 0.27233, 53.416
729.9,7484,0.01643486,  7991,8.774118E-003, 0.27256, 53.387
731.2,7606,0.01667235,  8117,8.896232E-003, 0.27279, 53.359
732.6,7797,0.01710662,  8337,9.145689E-003, 0.27195, 53.463
733.9,7994,0.01761878,  8554,9.426508E-003, 0.27162, 53.503
735.2,8075,0.01791035,  8653,9.596177E-003, 0.27101, 53.579
736.5,8078,0.01807049,  8663,9.689566E-003, 0.27067, 53.621
737.9,8031,0.01812597,  8613,9.719771E-003, 0.27065, 53.623
739.2,7986,0.01820808,  8565,9.764100E-003, 0.27063, 53.625
740.5,7897,0.01820259,  8484,9.777810E-003, 0.26989, 53.717
741.8,7854,0.01830767,  8429,9.824000E-003, 0.27034, 53.661
743.1,7812,0.01843632,  8397,9.908460E-003, 0.26967, 53.744
744.4,7758,0.01860368,  8341,1.000086E-002, 0.26956, 53.757
745.7,7661,0.01871582,  8237,1.006150E-002, 0.26955, 53.759
747.0,7542,0.01881729,  8117,1.012596E-002, 0.26912, 53.812
748.4,7376,0.01886781,  7945,1.016166E-002, 0.26876, 53.857
749.6,7167,0.01885638,  7716,1.015040E-002, 0.26898, 53.830
751.0,6924,0.01879866,  7453,1.011745E-002, 0.26906, 53.820
752.3,6690,0.01879221,  7197,1.010819E-002, 0.26930, 53.789
753.6,6465,0.01878729,  6969,1.012596E-002, 0.26843, 53.898
754.9,6258,0.01874897,  6740,1.009652E-002, 0.26881, 53.851
756.2,6071,0.01865011,  6540,1.004544E-002, 0.26871, 53.863
757.5,5899,0.01846977,  6354,9.947187E-003, 0.26876, 53.857
758.8,5323,0.01688456,  5728,9.084608E-003, 0.26918, 53.804
760.1,4019,0.01289697,  4328,6.944276E-003, 0.26886, 53.844
761.4,2956,0.009580396,  3175,5.145088E-003, 0.26999, 53.704
762.6,2586,0.008476908,  2770,4.540030E-003, 0.27118, 53.558
763.9,2719,0.009032518,  2913,4.838493E-003, 0.27110, 53.567
765.2,2970,0.01001781,  3186,5.373189E-003, 0.27054, 53.636
766.5,3557,0.0121934,  3821,6.549194E-003, 0.26994, 53.711
767.8,4128,0.01439021,  4448,7.752864E-003, 0.26860, 53.876
769.1,4518,0.01604342,  4874,8.653787E-003, 0.26809, 53.940
770.4,4705,0.01705092,  5075,9.195900E-003, 0.26815, 53.932
771.7,4736,0.01761318,  5112,9.505764E-003, 0.26785, 53.970
772.9,4667,0.01798662,  5046,9.723642E-003, 0.26712, 54.060
774.2,4496,0.0183212,  4860,9.902250E-003, 0.26722, 54.048
775.5,4201,0.01856842,  4550,1.005550E-002, 0.26637, 54.154
776.8,3823,0.018251,  4134,9.867858E-003, 0.26706, 54.067
778.1,3573,0.01740766,  3872,9.432192E-003, 0.26613, 54.184
779.3,3602,0.01701225,  3906,9.224019E-003, 0.26584, 54.220
780.6,3819,0.01707475,  4129,9.230380E-003, 0.26713, 54.059
781.9,4046,0.01710244,  4382,9.261357E-003, 0.26638, 54.152
783.1,4240,0.01709992,  4591,9.257752E-003, 0.26649, 54.139
784.4,4410,0.01716813,  4772,9.288698E-003, 0.26677, 54.104
785.7,4509,0.01721085,  4878,9.309663E-003, 0.26687, 54.092
787.0,4548,0.0171596,  4934,9.307991E-003, 0.26565, 54.244
788.2,4555,0.01706759,  4926,9.228861E-003, 0.26702, 54.072
789.5,4540,0.0169115,  4910,9.144875E-003, 0.26700, 54.075
790.8,4522,0.01676305,  4893,9.069176E-003, 0.26679, 54.102
792.0,4508,0.01663903,  4879,9.004195E-003, 0.26668, 54.115
793.3,4485,0.01649135,  4861,8.936949E-003, 0.26607, 54.192
794.5,4484,0.01642041,  4863,8.904153E-003, 0.26579, 54.226
795.8,4491,0.01641011,  4867,8.892009E-003, 0.26611, 54.186
797.0,4516,0.01646985,  4892,8.920562E-003, 0.26630, 54.163
798.3,4535,0.01653008,  4918,8.963055E-003, 0.26582, 54.223
799.5,4528,0.01651814,  4903,8.943072E-003, 0.26647, 54.141
800.8,4494,0.01645253,  4880,8.932840E-003, 0.26524, 54.295
802.0,4449,0.01639012,  4825,8.887650E-003, 0.26580, 54.226
803.3,4412,0.01641264,  4778,8.887080E-003, 0.26642, 54.148
804.5,4351,0.01635106,  4716,8.861364E-003, 0.26605, 54.194
805.8,4313,0.01637215,  4684,8.890232E-003, 0.26519, 54.301
807.0,4282,0.01634868,  4660,8.895940E-003, 0.26429, 54.414
808.3,4258,0.01627833,  4619,8.829219E-003, 0.26569, 54.239
809.5,4217,0.01608364,  4589,8.751223E-003, 0.26432, 54.411
810.8,4190,0.01594295,  4549,8.654473E-003, 0.26533, 54.284
812.0,4154,0.01578935,  4506,8.563653E-003, 0.26571, 54.237
813.2,4055,0.01541711,  4393,8.351093E-003, 0.26626, 54.168
814.5,3892,0.01484798,  4213,8.036298E-003, 0.26661, 54.124
815.7,3701,0.01420444,  4007,7.689433E-003, 0.26653, 54.134
816.9,3573,0.01384538,  3868,7.494250E-003, 0.26658, 54.128
818.2,3491,0.01368821,  3780,7.410690E-003, 0.26649, 54.139
819.4,3490,0.01386228,  3781,7.509066E-003, 0.26625, 54.169
820.6,3548,0.01431263,  3848,7.761416E-003, 0.26578, 54.228
821.8,3515,0.01439744,  3796,7.774208E-003, 0.26763, 53.997
823.1,3364,0.01401779,  3645,7.594358E-003, 0.26619, 54.177
824.3,3299,0.01400096,  3575,7.586150E-003, 0.26614, 54.183
825.5,3365,0.01455699,  3645,7.884135E-003, 0.26632, 54.160
826.7,3407,0.01503509,  3687,8.135366E-003, 0.26673, 54.109
828.0,3293,0.01483826,  3567,8.036451E-003, 0.26632, 54.160
829.2,3179,0.01463612,  3443,7.925786E-003, 0.26638, 54.152
830.4,3101,0.01460571,  3364,7.922220E-003, 0.26568, 54.241
831.6,3052,0.01470148,  3304,7.957684E-003, 0.26657, 54.128
832.8,2986,0.01472994,  3232,7.971728E-003, 0.26665, 54.119
834.0,2924,0.01479252,  3174,8.028633E-003, 0.26540, 54.275
835.2,2892,0.01502683,  3136,8.147328E-003, 0.26585, 54.219
836.4,2872,0.01535371,  3109,8.310357E-003, 0.26659, 54.126
837.6,2811,0.01549704,  3051,8.410082E-003, 0.26545, 54.269
838.8,2738,0.01559017,  2973,8.464131E-003, 0.26527, 54.291
840.0,2658,0.01559449,  2883,8.457281E-003, 0.26574, 54.233
841.2,2590,0.01558662,  2804,8.437236E-003, 0.26655, 54.131
842.4,2525,0.01549593,  2744,8.419964E-003, 0.26491, 54.337
843.6,2474,0.01538581,  2688,8.358336E-003, 0.26500, 54.325
844.8,2455,0.01541249,  2666,8.368574E-003, 0.26522, 54.297
846.0,2431,0.01537121,  2638,8.340037E-003, 0.26554, 54.258
847.2,2420,0.01542508,  2626,8.369062E-003, 0.26555, 54.256
848.4,2384,0.01532197,  2586,8.310111E-003, 0.26571, 54.237
849.6,2304,0.01493914,  2496,8.092032E-003, 0.26627, 54.167
850.8,2243,0.01468941,  2436,7.976682E-003, 0.26518, 54.302
852.0,2225,0.01471615,  2414,7.983098E-003, 0.26562, 54.247
853.1,2175,0.0145203,  2361,7.881018E-003, 0.26539, 54.276
854.3,2052,0.01381201,  2228,7.498334E-003, 0.26529, 54.288
855.5,2022,0.01373342,  2195,7.454220E-003, 0.26538, 54.278
856.7,2073,0.01419798,  2259,7.735946E-003, 0.26371, 54.486
857.9,2145,0.01480479,  2330,8.040830E-003, 0.26510, 54.312
859.0,2133,0.01482435,  2321,8.065475E-003, 0.26435, 54.407
860.2,2112,0.01477344,  2295,8.026763E-003, 0.26494, 54.332
861.4,2085,0.01467632,  2266,7.975187E-003, 0.26488, 54.341
862.6,2077,0.01469478,  2257,7.984138E-003, 0.26493, 54.333
863.7,2059,0.01465184,  2241,7.973478E-003, 0.26424, 54.420
864.9,2014,0.01440413,  2199,7.863624E-003, 0.26286, 54.593
866.1,1901,0.01366819,  2070,7.441650E-003, 0.26404, 54.445
867.2,1864,0.01347299,  2025,7.318350E-003, 0.26505, 54.319
868.4,1880,0.01368076,  2041,7.426179E-003, 0.26534, 54.282
869.5,1931,0.0141523,  2094,7.673463E-003, 0.26584, 54.221
870.7,1938,0.01431988,  2101,7.762145E-003, 0.26596, 54.205
871.9,1919,0.01431958,  2081,7.764211E-003, 0.26583, 54.221
873.0,1893,0.01427133,  2060,7.765170E-003, 0.26431, 54.411
874.2,1863,0.01417184,  2025,7.702088E-003, 0.26482, 54.348
875.3,1831,0.01399616,  1993,7.617246E-003, 0.26421, 54.424
876.5,1823,0.01395507,  1977,7.566968E-003, 0.26581, 54.224
877.6,1830,0.01395924,  1990,7.589860E-003, 0.26463, 54.372
878.8,1836,0.01389118,  2003,7.577349E-003, 0.26322, 54.548
879.9,1834,0.01373299,  1995,7.469280E-003, 0.26449, 54.389
881.1,1847,0.01369181,  1999,7.409294E-003, 0.26668, 54.115
882.2,1865,0.01370962,  2026,7.446563E-003, 0.26507, 54.316
883.3,1891,0.01380808,  2055,7.502805E-003, 0.26491, 54.336
884.5,1910,0.01387424,  2071,7.521872E-003, 0.26588, 54.215
885.6,1904,0.01376782,  2056,7.433468E-003, 0.26767, 53.992
886.7,1882,0.01357863,  2051,7.398983E-003, 0.26368, 54.490
887.9,1884,0.01358176,  2051,7.392830E-003, 0.26415, 54.432
889.0,1888,0.01360682,  2060,7.423210E-003, 0.26316, 54.555
890.1,1889,0.01363669,  2058,7.428351E-003, 0.26382, 54.473
891.3,1878,0.01358733,  2044,7.394170E-003, 0.26424, 54.420
892.4,1847,0.0133926,  1998,7.243749E-003, 0.26690, 54.088
893.5,1805,0.01314221,  1955,7.117178E-003, 0.26636, 54.155
894.6,1741,0.01273716,  1879,6.873382E-003, 0.26790, 53.963
895.8,1656,0.01218154,  1793,6.594654E-003, 0.26651, 54.136
896.9,1583,0.01172053,  1706,6.315612E-003, 0.26853, 53.885
898.0,1498,0.01116909,  1628,6.069184E-003, 0.26489, 54.339
899.1,1440,0.0108216,  1557,5.850428E-003, 0.26710, 54.063
900.2,1398,0.01059851,  1507,5.712208E-003, 0.26842, 53.898
901.3,1373,0.01051754,  1485,5.686320E-003, 0.26697, 54.079
902.4,1408,0.01091391,  1508,5.841821E-003, 0.27123, 53.551
903.5,1463,0.01148379,  1581,6.200831E-003, 0.26734, 54.033
904.6,1518,0.01208729,  1634,6.499713E-003, 0.26905, 53.821
905.7,1495,0.01210029,  1610,6.508391E-003, 0.26885, 53.846
906.8,1409,0.01159055,  1521,6.247745E-003, 0.26781, 53.974
907.9,1322,0.01107887,  1416,5.924286E-003, 0.27120, 53.555
909.0,1251,0.01067569,  1349,5.746024E-003, 0.26828, 53.917
910.1,1225,0.01066378,  1321,5.738560E-003, 0.26826, 53.918
911.2,1231,0.01094063,  1315,5.831000E-003, 0.27236, 53.412
912.3,1200,0.01087573,  1293,5.845430E-003, 0.26861, 53.875
913.4,1170,0.0108022,  1256,5.783158E-003, 0.27023, 53.675
914.5,1143,0.0107502,  1223,5.735269E-003, 0.27165, 53.500
915.5,1100,0.01056642,  1186,5.679276E-003, 0.26834, 53.909
916.6,1089,0.01068047,  1165,5.694683E-003, 0.27173, 53.489
917.7,1077,0.01073371,  1154,5.730987E-003, 0.27104, 53.575
918.8,1092,0.01105438,  1175,5.925802E-003, 0.26921, 53.800
919.9,1105,0.01136368,  1189,6.090373E-003, 0.26921, 53.801
920.9,1105,0.01156011,  1190,6.199668E-003, 0.26885, 53.846
922.0,1082,0.01152179,  1172,6.213701E-003, 0.26633, 54.159
923.1,1060,0.01149746,  1133,6.117359E-003, 0.27211, 53.443
924.1,1021,0.01129398,  1099,6.050249E-003, 0.26906, 53.820
925.2,1004,0.01133007,  1086,6.098050E-003, 0.26693, 54.084
926.3,983,0.01132739,  1056,6.053556E-003, 0.26992, 53.713
927.3,940,0.01105869,  1011,5.915806E-003, 0.26941, 53.777
928.4,864,0.01038537,   927,5.540936E-003, 0.27046, 53.646
929.4,776,0.009525842,   828,5.053398E-003, 0.27286, 53.351
930.5,682,0.008512082,   720,4.466872E-003, 0.27748, 52.786
931.5,577,0.007317182,   621,3.913774E-003, 0.26911, 53.813
932.6,497,0.006446273,   533,3.434976E-003, 0.27066, 53.622
933.6,428,0.005675377,   456,3.003837E-003, 0.27351, 53.271
934.7,395,0.005348413,   421,2.831253E-003, 0.27334, 53.291
935.7,392,0.005428169,   406,2.791763E-003, 0.28579, 51.786
936.8,391,0.005537241,   413,2.903756E-003, 0.27726, 52.813
937.8,413,0.005959092,   441,3.158482E-003, 0.27254, 53.390
938.8,463,0.006815839,   492,3.594428E-003, 0.27465, 53.132
939.9,494,0.007420163,   534,3.979809E-003, 0.26722, 54.049
940.9,503,0.007712028,   533,4.053954E-003, 0.27587, 52.982
941.9,472,0.007394234,   512,3.978219E-003, 0.26570, 54.237
943.0,437,0.006988363,   469,3.719140E-003, 0.27034, 53.661
944.0,405,0.006606546,   432,3.493779E-003, 0.27300, 53.333
945.0,389,0.006481317,   421,3.476998E-003, 0.26670, 54.113
946.0,384,0.006523185,   412,3.468574E-003, 0.27046, 53.646
947.0,387,0.006692546,   417,3.573207E-003, 0.26860, 53.876
948.1,386,0.006800062,   420,3.665429E-003, 0.26437, 54.404
949.1,399,0.007163659,   414,3.681535E-003, 0.28500, 51.880
950.1,375,0.006850598,   407,3.681923E-003, 0.26547, 54.267
951.1,391,0.007274836,   412,3.795276E-003, 0.27831, 52.685
952.1,373,0.007066587,   398,3.732503E-003, 0.27286, 53.351
953.1,377,0.007263581,   409,3.900008E-003, 0.26565, 54.244
954.1,367,0.007186723,   396,3.837155E-003, 0.26800, 53.951
955.1,359,0.0071441,   393,3.869114E-003, 0.26173, 54.735
956.1,365,0.007389397,   386,3.865324E-003, 0.27674, 52.877
957.1,361,0.00743951,   390,3.974668E-003, 0.26747, 54.017
958.1,363,0.007609287,   381,3.948917E-003, 0.28001, 52.479
959.1,356,0.00759548,   384,4.050128E-003, 0.26815, 53.933
960.1,365,0.007933018,   390,4.189470E-003, 0.27226, 53.425
961.0,357,0.007899968,   386,4.221028E-003, 0.26711, 54.062
962.0,371,0.008370839,   395,4.403344E-003, 0.27381, 53.235
963.0,368,0.008485954,   396,4.510816E-003, 0.26918, 53.804
963.1,30,0.008005189,    16,4.360559E-003, 0.26876, 53.857
964.0,358,0.00842602,   389,4.521815E-003, 0.26496, 54.330
965.0,369,0.00889361,   395,4.700988E-003, 0.27146, 53.523
965.9,365,0.009034117,   395,4.826755E-003, 0.26673, 54.110
966.9,375,0.009539199,   404,5.072756E-003, 0.26868, 53.867
967.1,45,0.009630377,    22,5.114658E-003, 0.26920, 53.802
967.9,381,0.009995088,   408,5.282267E-003, 0.27129, 53.543
968.8,380,0.01026782,   412,5.493071E-003, 0.26592, 54.211
969.8,378,0.01056971,   403,5.559252E-003, 0.27322, 53.307
970.7,371,0.01079626,   398,5.712782E-003, 0.27052, 53.639
971.1,73,0.0107471,    35,5.688626E-003, 0.27034, 53.661
971.7,352,0.01067336,   378,5.652392E-003, 0.27008, 53.693
972.6,332,0.01053513,   360,5.632627E-003, 0.26587, 54.217
973.6,306,0.01020918,   337,5.542718E-003, 0.25912, 55.065
974.5,289,0.01012503,   309,5.335871E-003, 0.27197, 53.460
975.1,108,0.01013326,    58,5.416595E-003, 0.26575, 54.231
975.5,274,0.01013874,   300,5.470411E-003, 0.26166, 54.745
976.4,258,0.01008831,   281,5.413713E-003, 0.26394, 54.457
977.4,258,0.01064972,   270,5.490211E-003, 0.28129, 52.326
978.3,243,0.01058557,   263,5.642815E-003, 0.26668, 54.115
979.1,153,0.0105925,    83,5.745761E-003, 0.25905, 55.075
979.2,231,0.01059337,   255,5.758630E-003, 0.25810, 55.195
980.1,221,0.01066769,   245,5.822723E-003, 0.25626, 55.430
981.1,215,0.01089633,   230,5.738103E-003, 0.27174, 53.488
982.0,205,0.01087414,   224,5.848073E-003, 0.26254, 54.634
982.9,201,0.01113743,   216,5.889677E-003, 0.26977, 53.731
983.1,201,0.01122048,   107,5.909005E-003, 0.27151, 53.516
983.8,199,0.01151113,   210,5.976653E-003, 0.27766, 52.764
984.8,183,0.01100441,   203,6.004852E-003, 0.25599, 55.464
985.7,189,0.01182059,   201,6.191241E-003, 0.27406, 53.204
986.6,175,0.01145177,   186,6.007543E-003, 0.27382, 53.233
987.1,244,0.01178565,   132,6.123835E-003, 0.27807, 52.714
987.5,178,0.01203697,   185,6.210766E-003, 0.28135, 52.317
988.4,173,0.01219271,   180,6.315002E-003, 0.28005, 52.475
989.3,164,0.01213062,   177,6.466539E-003, 0.26791, 53.962
990.2,158,0.01223742,   166,6.414064E-003, 0.27567, 53.007
991.1,286,0.01225901,   154,6.496112E-003, 0.27131, 53.542
991.1,150,0.01225901,   160,6.496112E-003, 0.27131, 53.542
992.0,136,0.01201822,   151,6.514671E-003, 0.26177, 54.731
992.9,129,0.01209597,   142,6.524223E-003, 0.26440, 54.400
993.7,128,0.01243741,   133,6.544339E-003, 0.27545, 53.033
994.6,109,0.01204602,   132,6.719309E-003, 0.25000, 56.234
995.1,329,0.01218409,   177,6.680370E-003, 0.25804, 55.203
995.5,106,0.01226215,   119,6.648683E-003, 0.26340, 54.526
996.4,92,0.01206609,   115,6.714274E-003, 0.25196, 55.981
997.2,85,0.0120977,    96,6.563957E-003, 0.26393, 54.460
998.1,77,0.0120814,    93,6.611692E-003, 0.26057, 54.882
999.0,78,0.01215322,    82,6.560205E-003, 0.26711, 54.061
999.1,371,0.01213849,   201,6.559082E-003, 0.26680, 54.100
999.8,69,0.01206731,    76,6.534393E-003, 0.26641, 54.148
1000.7,59,0.01203873,    69,6.510818E-003, 0.26695, 54.082
1001.6,48,0.01202254,    62,6.495569E-003, 0.26738, 54.028
1002.4,46,0.01200815,    52,6.482014E-003, 0.26777, 53.980
1003.1,419,0.01199555,   226,6.470154E-003, 0.26811, 53.938
1003.3,39,0.01199255,    49,6.467496E-003, 0.26818, 53.929
1004.1,40,0.01198057,    45,6.456866E-003, 0.26846, 53.894
1005.0,36,0.01196708,    36,6.444906E-003, 0.26877, 53.855
1005.8,29,0.0119551,    34,6.434275E-003, 0.26906, 53.820
1006.6,29,0.01194311,    28,6.423644E-003, 0.26934, 53.785
1007.1,465,0.01193562,   250,6.417000E-003, 0.26951, 53.763
1007.5,21,0.01191913,    30,6.408745E-003, 0.26947, 53.769
1011.1,498,0.01177073,   268,6.334448E-003, 0.26909, 53.815
1015.1,522,0.01164843,   279,6.225885E-003, 0.27207, 53.448
1019.1,539,0.01156694,   286,6.137560E-003, 0.27522, 53.061
1023.1,548,0.01143183,   295,6.153995E-003, 0.26896, 53.832
1027.0,559,0.01136838,   303,6.162111E-003, 0.26597, 54.204
1031.0,567,0.01124531,   306,6.068898E-003, 0.26786, 53.968
1035.0,577,0.01115803,   311,6.014118E-003, 0.26842, 53.899
1039.0,593,0.01116145,   322,6.060684E-003, 0.26520, 54.300
1043.0,599,0.01103658,   324,5.969700E-003, 0.26688, 54.090
1046.9,602,0.01091426,   325,5.892250E-003, 0.26771, 53.987
1050.9,609,0.01086578,   326,5.816492E-003, 0.27140, 53.530
1054.9,610,0.01071221,   328,5.760008E-003, 0.26946, 53.770
1058.8,609,0.01047967,   334,5.747472E-003, 0.26087, 54.844
1062.8,617,0.0103909,   335,5.641735E-003, 0.26524, 54.295
1066.8,623,0.01026579,   336,5.536608E-003, 0.26815, 53.933
1070.7,628,0.01012964,   340,5.484200E-003, 0.26648, 54.140
1074.7,631,0.01003353,   339,5.390439E-003, 0.26983, 53.724
1078.7,623,0.009827202,   335,5.284290E-003, 0.26944, 53.772
1082.6,618,0.009673554,   333,5.212449E-003, 0.26854, 53.883
1086.6,611,0.009491274,   331,5.141754E-003, 0.26621, 54.173
1090.5,592,0.009192576,   326,5.062128E-003, 0.25910, 55.068
1094.5,578,0.00892721,   317,4.896065E-003, 0.26087, 54.844
1098.4,569,0.00862604,   308,4.669280E-003, 0.26656, 54.130
1102.4,555,0.00827172,   299,4.456296E-003, 0.26862, 53.874
1106.3,526,0.00771642,   283,4.151610E-003, 0.26920, 53.802
1110.2,469,0.0067536,   253,3.643200E-003, 0.26805, 53.945
1114.2,393,0.00555702,   213,3.011820E-003, 0.26601, 54.198
1118.1,326,0.00454281,   175,2.438625E-003, 0.27018, 53.681
1122.1,282,0.003883986,   148,2.038404E-003, 0.27999, 52.482
1126.0,261,0.003564216,   141,1.925496E-003, 0.26742, 54.023
1129.9,266,0.003610418,   142,1.927366E-003, 0.27259, 53.383
1133.9,286,0.003843268,   149,2.002262E-003, 0.28318, 52.098
1137.8,303,0.004036869,   162,2.158326E-003, 0.27193, 53.465
1141.7,310,0.00410099,   163,2.156327E-003, 0.27917, 52.581
1145.6,310,0.00405759,   162,2.120418E-003, 0.28185, 52.258
1149.6,329,0.004260221,   173,2.240177E-003, 0.27915, 52.584
1153.5,368,0.004713712,   191,2.446519E-003, 0.28481, 51.902
1157.4,413,0.005219494,   217,2.742446E-003, 0.27949, 52.542
1161.3,459,0.005729238,   245,3.058090E-003, 0.27265, 53.377
1165.2,497,0.00615286,   259,3.206420E-003, 0.28306, 52.113
1169.2,519,0.006363978,   270,3.310740E-003, 0.28380, 52.023
1173.1,526,0.006395108,   276,3.355608E-003, 0.28008, 52.471
1177.0,529,0.006391378,   276,3.334632E-003, 0.28255, 52.174
1180.9,526,0.00631726,   276,3.314760E-003, 0.28008, 52.471
1184.8,526,0.006287804,   278,3.323212E-003, 0.27694, 52.852
1188.7,535,0.00634938,   285,3.382380E-003, 0.27351, 53.271
1192.6,548,0.006439,   291,3.419250E-003, 0.27489, 53.102
1196.5,558,0.006491772,   292,3.397128E-003, 0.28125, 52.330
1200.4,565,0.00651445,   294,3.389820E-003, 0.28370, 52.035
1204.3,574,0.006545322,   302,3.443706E-003, 0.27890, 52.613
1208.2,590,0.00665048,   313,3.528136E-003, 0.27531, 53.051
1212.1,610,0.00680028,   323,3.600804E-003, 0.27613, 52.951
1216.0,624,0.006868992,   331,3.643648E-003, 0.27536, 53.045
1219.8,636,0.006943212,   336,3.668112E-003, 0.27712, 52.830
1223.7,646,0.007006516,   342,3.709332E-003, 0.27621, 52.941
1227.6,657,0.007071291,   349,3.756287E-003, 0.27474, 53.120
1231.5,663,0.007091448,   355,3.797080E-003, 0.27129, 53.544
1235.4,666,0.007073586,   359,3.812939E-003, 0.26838, 53.904
1239.2,670,0.0070618,   361,3.804940E-003, 0.26857, 53.881
1243.1,674,0.007060824,   361,3.781836E-003, 0.27115, 53.561
1247.0,672,0.006984768,   360,3.741840E-003, 0.27107, 53.571
1250.9,668,0.00687038,   361,3.712885E-003, 0.26727, 54.042
1254.7,657,0.006687603,   353,3.593187E-003, 0.26979, 53.729
1258.6,639,0.006430257,   339,3.411357E-003, 0.27530, 53.052
1262.5,617,0.006107066,   329,3.256442E-003, 0.27309, 53.323
1266.3,607,0.005904896,   325,3.161600E-003, 0.27131, 53.542
1270.2,621,0.005956632,   335,3.213320E-003, 0.26805, 53.945
1274.0,649,0.006130454,   351,3.315546E-003, 0.26694, 54.083
1277.9,674,0.006252024,   363,3.367188E-003, 0.26875, 53.858
1281.8,693,0.006316695,   374,3.409010E-003, 0.26786, 53.968
1285.6,711,0.00637056,   386,3.458560E-003, 0.26528, 54.290
1289.5,724,0.006374096,   392,3.451168E-003, 0.26645, 54.144
1293.3,728,0.006299384,   393,3.400629E-003, 0.26774, 53.984
1297.1,722,0.006149274,   389,3.313113E-003, 0.26859, 53.878
1301.0,708,0.005955696,   383,3.221796E-003, 0.26683, 54.096
1304.8,690,0.00574839,   371,3.090801E-003, 0.26948, 53.768
1308.7,669,0.005523933,   361,2.980777E-003, 0.26792, 53.961
1312.5,643,0.0052726,   346,2.837200E-003, 0.26913, 53.810
1316.3,621,0.005070465,   330,2.694450E-003, 0.27458, 53.140
1320.2,601,0.00488012,   321,2.606520E-003, 0.27237, 53.411
1324.0,564,0.004550352,   304,2.452672E-003, 0.26841, 53.901
1327.8,517,0.004153578,   276,2.217384E-003, 0.27258, 53.385
1331.6,480,0.00385296,   254,2.038858E-003, 0.27641, 52.917
1335.5,453,0.003626265,   240,1.921200E-003, 0.27589, 52.980
1339.3,410,0.00326729,   218,1.737242E-003, 0.27433, 53.171
1343.1,329,0.002625091,   174,1.388346E-003, 0.27665, 52.888
1346.9,226,0.001822464,   119,9.596160E-004, 0.27856, 52.655
1350.7,138,0.00113367,    70,5.750500E-004, 0.29478, 50.725
1354.5,79,6.62257E-4,    40,3.353200E-004, 0.29557, 50.633
1358.3,47,4.0185E-4,    25,2.137500E-004, 0.27416, 53.191
1362.2,32,2.7856E-4,    17,1.479850E-004, 0.27470, 53.125
1366.0,28,2.44888E-4,    12,1.049520E-004, 0.36798, 42.857
1369.8,26,2.25888E-4,    10,8.688000E-005, 0.41497, 38.462
1373.6,27,2.32605E-4,     9,7.753500E-005, 0.47712, 33.333
1377.4,30,2.5863E-4,    11,9.483100E-005, 0.43573, 36.667
1381.2,30,2.6202E-4,    14,1.222760E-004, 0.33099, 46.667
1385.0,31,2.71002E-4,    14,1.223880E-004, 0.34523, 45.161
1388.8,32,2.77888E-4,    14,1.215760E-004, 0.35902, 43.750
1392.5,36,3.12084E-4,    14,1.213660E-004, 0.41017, 38.889
1396.3,42,3.6351E-4,    20,1.731000E-004, 0.32222, 47.619
1400.1,41,3.54117E-4,    22,1.900140E-004, 0.27036, 53.659
1403.9,44,3.78532E-4,    21,1.806630E-004, 0.32123, 47.727
1407.7,53,4.53627E-4,    24,2.054160E-004, 0.34406, 45.283
1411.5,63,5.36697E-4,    31,2.640890E-004, 0.30798, 49.206
1415.2,74,6.27372E-4,    37,3.136860E-004, 0.30103, 50.000
1419.0,86,7.28076E-4,    43,3.640380E-004, 0.30103, 50.000
1422.8,99,8.38035E-4,    49,4.147850E-004, 0.30544, 49.495
1426.5,109,9.20396E-4,    55,4.644200E-004, 0.29706, 50.459
1430.3,113,9.53042E-4,    57,4.807380E-004, 0.29720, 50.442
1434.1,115,9.71175E-4,    57,4.813650E-004, 0.30482, 49.565
1437.8,125,0.00105925,    63,5.338620E-004, 0.29757, 50.400
1441.6,141,0.001195821,    70,5.936700E-004, 0.30412, 49.645
1445.3,153,0.001295145,    73,6.179450E-004, 0.32137, 47.712
1449.1,173,0.001463407,    84,7.105560E-004, 0.31377, 48.555
1452.9,206,0.001737198,   102,8.601660E-004, 0.30527, 49.515
1456.6,231,0.0019404,   115,9.660000E-004, 0.30291, 49.784
1460.3,230,0.00193062,   116,9.737040E-004, 0.29727, 50.435
1464.1,212,0.001778256,   105,8.807400E-004, 0.30515, 49.528
1467.8,200,0.001675,    99,8.291250E-004, 0.30539, 49.500
1471.6,202,0.001690538,   102,8.536380E-004, 0.29675, 50.495
1475.3,214,0.001789896,   108,9.033120E-004, 0.29699, 50.467
1479.1,232,0.001933024,   116,9.665120E-004, 0.30103, 50.000
1482.8,253,0.002103695,   127,1.056005E-003, 0.29932, 50.198
1486.5,281,0.00233792,   142,1.181440E-003, 0.29642, 50.534
1490.2,314,0.002616248,   158,1.316456E-003, 0.29827, 50.318
1494.0,343,0.002861992,   176,1.468544E-003, 0.28978, 51.312
1497.7,360,0.00301068,   188,1.572244E-003, 0.28214, 52.222
1501.4,375,0.00314325,   193,1.617726E-003, 0.28847, 51.467
1505.1,390,0.00327483,   200,1.679400E-003, 0.29003, 51.282
1508.9,402,0.003390468,   208,1.754272E-003, 0.28616, 51.741
1512.6,413,0.003492328,   214,1.809584E-003, 0.28554, 51.816
1516.3,421,0.003563765,   217,1.836905E-003, 0.28782, 51.544
1520.0,425,0.00361165,   221,1.878058E-003, 0.28400, 52.000
1523.7,425,0.00361845,   224,1.907136E-003, 0.27814, 52.706
1527.4,431,0.003688067,   221,1.891097E-003, 0.29008, 51.276
1531.1,430,0.00370359,   218,1.877634E-003, 0.29501, 50.698
1534.8,427,0.003686291,   221,1.907893E-003, 0.28604, 51.756
1538.5,425,0.003690275,   221,1.918943E-003, 0.28400, 52.000
1542.2,426,0.003710886,   218,1.898998E-003, 0.29095, 51.174
1545.9,430,0.0037324,   221,1.918280E-003, 0.28908, 51.395
1549.6,433,0.003731161,   223,1.921591E-003, 0.28818, 51.501
1553.3,434,0.00370419,   224,1.911840E-003, 0.28724, 51.613
1557.0,434,0.003675112,   225,1.905300E-003, 0.28531, 51.843
1560.6,432,0.003644352,   222,1.872792E-003, 0.28913, 51.389
1564.3,408,0.003497784,   208,1.783184E-003, 0.29260, 50.980
1568.0,390,0.00333606,   198,1.693692E-003, 0.29440, 50.769
1571.7,390,0.00325572,   196,1.636208E-003, 0.29881, 50.256
1575.3,387,0.003199716,   199,1.645332E-003, 0.28886, 51.421
1579.0,388,0.003189748,   202,1.660642E-003, 0.28348, 52.062
1582.7,392,0.003221848,   205,1.684895E-003, 0.28153, 52.296
1586.3,396,0.003251952,   206,1.691672E-003, 0.28383, 52.020
1590.0,396,0.003246408,   203,1.664194E-003, 0.29020, 51.263
1593.7,388,0.003182764,   203,1.665209E-003, 0.28134, 52.320
1597.3,377,0.003104595,   198,1.630530E-003, 0.27968, 52.520
1601.0,368,0.003038208,   190,1.568640E-003, 0.28709, 51.630
1604.6,361,0.002984026,   187,1.545742E-003, 0.28567, 51.801
1608.3,358,0.002968894,   185,1.534205E-003, 0.28671, 51.676
1611.9,356,0.002962988,   184,1.531432E-003, 0.28663, 51.685
1615.6,357,0.002979165,   183,1.527135E-003, 0.29022, 51.261
1619.2,356,0.002982924,   183,1.533357E-003, 0.28900, 51.404
1622.9,354,0.002976078,   182,1.530074E-003, 0.28893, 51.412
1626.5,352,0.002963488,   178,1.498582E-003, 0.29612, 50.568
1630.1,344,0.0029068,   178,1.504100E-003, 0.28614, 51.744
1633.8,333,0.002826504,   170,1.442960E-003, 0.29200, 51.051
1637.4,323,0.002752606,   157,1.337954E-003, 0.31330, 48.607
1641.0,314,0.00268941,   151,1.293315E-003, 0.31795, 48.089
1644.7,302,0.00266062,   144,1.268640E-003, 0.32164, 47.682
1648.3,289,0.002618629,   136,1.232296E-003, 0.32736, 47.059
1651.9,288,0.002555712,   134,1.189116E-003, 0.33229, 46.528
1655.5,295,0.002560895,   127,1.102487E-003, 0.36602, 43.051
1659.1,297,0.002583603,   123,1.069977E-003, 0.38285, 41.414
1662.7,289,0.002519502,   122,1.063596E-003, 0.37454, 42.215
1666.3,283,0.002473986,   122,1.066524E-003, 0.36543, 43.110
1670.0,281,0.002466899,   123,1.079817E-003, 0.35880, 43.772
1673.6,280,0.00246792,   124,1.092936E-003, 0.35374, 44.286
1677.2,278,0.002459188,   125,1.105750E-003, 0.34713, 44.964
1680.8,270,0.00240111,   122,1.084946E-003, 0.34500, 45.185
1684.4,261,0.002332818,   118,1.054684E-003, 0.34476, 45.211
1688.0,261,0.002344824,   117,1.051128E-003, 0.34845, 44.828
1691.5,262,0.002368742,   119,1.075879E-003, 0.34275, 45.420
1695.1,256,0.002331136,   118,1.074508E-003, 0.33636, 46.094
1698.7,251,0.00229916,   115,1.053400E-003, 0.33898, 45.817
1702.3,251,0.002308949,   115,1.057885E-003, 0.33898, 45.817
1705.9,248,0.002292016,   113,1.044346E-003, 0.34137, 45.565
1709.5,241,0.002240336,   110,1.022560E-003, 0.34062, 45.643
1713.0,237,0.002219268,   109,1.020676E-003, 0.33732, 45.992
1716.6,233,0.002201151,   106,1.001382E-003, 0.34205, 45.494
1720.2,225,0.0021402,   100,9.512000E-004, 0.35218, 44.444
1723.8,217,0.002078426,    96,9.194880E-004, 0.35419, 44.240
1727.3,213,0.002052255,    95,9.153250E-004, 0.35066, 44.601
1730.9,207,0.00199962,    96,9.273600E-004, 0.33370, 46.377
1734.4,203,0.001970115,    95,9.219750E-004, 0.32977, 46.798
1738.0,200,0.0019464,    92,8.953440E-004, 0.33724, 46.000
1741.5,196,0.00191198,    91,8.877050E-004, 0.33321, 46.429
1745.1,196,0.001918252,    90,8.808300E-004, 0.33801, 45.918
1748.6,193,0.00189719,    94,9.240200E-004, 0.31243, 48.705
1752.2,190,0.00188024,    94,9.302240E-004, 0.30563, 49.474
1755.7,188,0.001869284,    89,8.849270E-004, 0.32477, 47.340
1759.3,181,0.001808733,    85,8.494050E-004, 0.32826, 46.961
1762.8,173,0.001745224,    85,8.574800E-004, 0.30863, 49.133
1766.3,167,0.001700895,    81,8.249850E-004, 0.31423, 48.503
1769.9,160,0.00164416,    74,7.604240E-004, 0.33489, 46.250
1773.4,150,0.00155655,    71,7.367670E-004, 0.32483, 47.333
1776.9,139,0.001460056,    68,7.142720E-004, 0.31051, 48.921
1780.5,131,0.001395412,    65,6.923800E-004, 0.30436, 49.618
1784.0,124,0.001330396,    59,6.330110E-004, 0.32257, 47.581
1787.5,113,0.001218366,    55,5.930100E-004, 0.31272, 48.673
1791.0,103,0.001114769,    53,5.736190E-004, 0.28856, 51.456
1794.5,90,9.7245E-4,    43,4.646150E-004, 0.32077, 47.778
1798.0,72,7.7148E-4,    31,3.321650E-004, 0.36597, 43.056
1801.5,59,6.27465E-4,    24,2.552400E-004, 0.39064, 40.678
1805.0,50,5.294E-4,    21,2.223480E-004, 0.37675, 42.000
1808.5,38,3.99646E-4,    18,1.893060E-004, 0.32451, 47.368
1812.0,32,3.35296E-4,    13,1.362140E-004, 0.39121, 40.625
1815.5,30,3.1479E-4,    11,1.154230E-004, 0.43573, 36.667
1819.0,28,2.95372E-4,    10,1.054900E-004, 0.44716, 35.714
1822.5,22,2.33222E-4,     8,8.480800E-005, 0.43933, 36.364
1826.0,13,1.38528E-4,     6,6.393600E-005, 0.33579, 46.154
1829.5,10,1.0761E-4,     5,5.380500E-005, 0.30103, 50.000
1833.0,11,1.20527E-4,     1,1.095700E-005, 1.04139,  9.091
1836.5,7,7.8771E-5,     0,0.000000E+000, 0.84510, 14.286
1839.9,3,3.4425E-5,     0,0.000000E+000, 0.47712, 33.333
1843.4,7,8.1977E-5,     0,0.000000E+000, 0.84510, 14.286
1846.9,9,1.09881E-4,     2,2.441800E-005, 0.65321, 22.222
1850.4,8,1.04704E-4,     3,3.926400E-005, 0.42597, 37.500
1853.8,5,7.396E-5,     1,1.479200E-005, 0.69897, 20.000
1857.3,2,3.5258E-5,     3,5.288700E-005,-0.17609,150.000
1860.8,5,1.07115E-4,     3,6.426900E-005, 0.22185, 60.000
1864.2,6,1.52076E-4,     2,5.069200E-005, 0.47712, 33.333
1867.7,4,1.13312E-4,     0,0.000000E+000, 0.60206, 25.000
1868.7,0,2.096592E-4,     0,-4.083566E-005, 0.66057, 21.849
1871.1,7,2.0916E-4,     0,0.000000E+000, 0.84510, 14.286
1871.5,-10,2.090768E-4,    -6,6.805943E-006, 0.79810, 15.918
1874.3,-3,2.084944E-4,     3,5.444754E-005, 0.56309, 27.347
1874.6,7,2.08432E-4,     2,5.955200E-005, 0.54407, 28.571
1877.1,3,1.620886E-4,     3,1.576376E-005, 0.65230, 22.269
1878.0,5,1.45405E-4,     0,0.000000E+000, 0.69897, 20.000
1880.0,0,9.522614E-5,     1,0.000000E+000, 0.43012, 37.143
1881.5,2,5.092396E-5,     0,2.150658E-005,-0.11335,129.821
1882.8,1,6.465488E-5,    10,6.867000E-005,-0.49012,309.118
1884.9,4,7.973004E-5,     0,5.571851E-005,-0.27961,190.375
1885.6,2,8.330253E-5,     3,3.912440E-005, 0.02574, 94.245
1888.3,6,-2.093927E-5,     0,1.975756E-005, 0.05891, 87.315
1888.4,-3,-2.700633E-5,     1,1.856260E-005, 0.06196, 86.705
1891.2,1,2.0355E-5,     7,1.424850E-004,-0.84510,700.000
1891.8,4,3.952393E-5,     0,1.276396E-004,-0.75150,564.286
1894.0,6,1.0981E-4,     4,7.320667E-005, 0.17609, 66.667
1895.2,3,-2.9E-7,    -1,9.086238E-005,-0.52904,338.095
1896.8,-9,-1.4709E-4,     7,1.144033E-004,-0.84510,700.000
1898.6,1,-5.579276E-5,     0,1.763926E-004,-1.07793,1196.552
1899.7,0,0.0,    15,2.142750E-004,-1.17609,1500.000
1902.0,4,1.220971E-4,     0,1.807101E-004,-0.56073,363.690
1902.5,12,1.4864E-4,    14,1.734133E-004,-0.06695,116.667
1905.2,0,0.0,     9,9.876000E-005,-0.95424,900.000
1905.5,1,0.0,     1,9.140625E-005,-0.92206,835.714
1908.0,0,0.0,     3,3.012500E-005,-0.47712,300.000
1908.9,0,0.0,     0,3.272911E-005,-0.52132,332.143
1910.8,0,0.0,     4,3.822667E-005,-0.60206,400.000
1912.3,6,4.977679E-6,     2,2.770345E-005,-0.46666,292.857
1913.6,1,9.291667E-6,     2,1.858333E-005,-0.30103,200.000
1915.7,7,2.964792E-5,     3,4.645833E-006, 0.16273, 68.750
1916.4,4,3.643333E-5,     0,0.000000E+000, 0.60206, 25.000
1919.2,0,0.0,     0,0.000000E+000, 0.00000,100.000
1922.0,4,3.496E-5,     1,8.740000E-006, 0.60206, 25.000
1924.8,13,1.122767E-4,     2,1.727333E-005, 0.81291, 15.385
1927.6,13,1.1037E-4,     0,0.000000E+000, 1.11394,  7.692
1930.3,10,8.328333E-5,     3,2.498500E-005, 0.52288, 30.000
1933.1,12,9.894E-5,    11,9.069500E-005, 0.03779, 91.667
1935.9,16,1.310667E-4,     8,6.553333E-005, 0.30103, 50.000
1938.7,16,1.2944E-4,     0,0.000000E+000, 1.20412,  6.250
1941.4,16,1.267733E-4,     9,7.131000E-005, 0.24988, 56.250
1944.2,20,1.57E-4,    14,1.099000E-004, 0.15490, 70.000
1947.0,32,2.506667E-4,    10,7.833333E-005, 0.50515, 31.250
1949.7,41,3.206883E-4,    16,1.251467E-004, 0.40866, 39.024
1952.5,30,2.347E-4,    14,1.095267E-004, 0.33099, 46.667
1955.2,19,1.491817E-4,    17,1.334783E-004, 0.04830, 89.474
1958.0,25,1.9675E-4,    24,1.888800E-004, 0.01773, 96.000
1960.7,26,2.046633E-4,    18,1.416900E-004, 0.15970, 69.231
1963.5,20,1.568E-4,    15,1.176000E-004, 0.12494, 75.000
1966.2,35,2.727667E-4,    23,1.792467E-004, 0.18234, 65.714
1969.0,53,4.127817E-4,    29,2.258617E-004, 0.26188, 54.717
1971.7,52,4.029133E-4,    30,2.324500E-004, 0.23888, 57.692
1974.5,62,4.748167E-4,    36,2.757000E-004, 0.23609, 58.065
1977.2,87,6.6033E-4,    36,2.732400E-004, 0.38322, 41.379
1979.9,95,7.216833E-4,    40,3.038667E-004, 0.37566, 42.105
1982.6,95,7.21525E-4,    49,3.721550E-004, 0.28753, 51.579
1985.4,103,7.7662E-4,    58,4.373200E-004, 0.24941, 56.311
1988.1,109,8.193167E-4,    67,5.036167E-004, 0.21135, 61.468
1990.8,118,8.828367E-4,    65,4.863083E-004, 0.25897, 55.085
1993.5,133,9.884117E-4,    56,4.161733E-004, 0.37566, 42.105
1996.3,125,9.189583E-4,    54,3.969900E-004, 0.36452, 43.200
1999.0,109,7.97335E-4,    55,4.023250E-004, 0.29706, 50.459
2001.7,91,6.650583E-4,    52,3.800333E-004, 0.24304, 57.143
2004.4,62,4.552867E-4,    40,2.937333E-004, 0.19033, 64.516
2007.1,52,3.828933E-4,    21,1.546300E-004, 0.39378, 40.385
2009.8,47,3.449017E-4,    28,2.054733E-004, 0.22494, 59.574
2012.5,42,3.0688E-4,    24,1.753600E-004, 0.24304, 57.143
2015.2,50,3.62E-4,    12,8.688000E-005, 0.61979, 24.000
2017.9,49,3.5476E-4,    22,1.592800E-004, 0.34777, 44.898
2020.6,46,3.3373E-4,    27,1.958850E-004, 0.23139, 58.696
2023.3,55,3.980167E-4,    26,1.881533E-004, 0.32539, 47.273
2026.0,62,4.4919E-4,    30,2.173500E-004, 0.31527, 48.387
2028.7,70,5.121667E-4,    40,2.926667E-004, 0.24304, 57.143
2031.4,97,7.12465E-4,    50,3.672500E-004, 0.28780, 51.546
2034.0,115,8.444833E-4,    62,4.552867E-004, 0.26831, 53.913
2036.7,116,8.5782E-4,    69,5.102550E-004, 0.22561, 59.483
2039.4,125,9.197917E-4,    65,4.782917E-004, 0.28400, 52.000
2042.1,129,9.33315E-4,    61,4.413350E-004, 0.32526, 47.287
2044.8,124,8.917667E-4,    63,4.530750E-004, 0.29408, 50.806
2047.4,124,8.9466E-4,    66,4.761900E-004, 0.27388, 53.226
2050.1,115,8.4065E-4,    59,4.312900E-004, 0.28985, 51.304
2052.8,105,7.6895E-4,    52,3.808133E-004, 0.30519, 49.524
2055.4,100,7.238333E-4,    56,4.053467E-004, 0.25181, 56.000
2058.1,93,6.77815E-4,    58,4.227233E-004, 0.20505, 62.366
2060.7,87,6.33215E-4,    42,3.056900E-004, 0.31627, 48.276
2063.4,93,6.72545E-4,    42,3.037300E-004, 0.34523, 45.161
2066.1,99,7.1577E-4,    55,3.976500E-004, 0.25527, 55.556
2068.7,89,6.436183E-4,    48,3.471200E-004, 0.26815, 53.933
2071.3,88,6.4284E-4,    42,3.068100E-004, 0.32123, 47.727
2074.0,87,6.37855E-4,    40,2.932667E-004, 0.33746, 45.977
2076.6,91,6.680917E-4,    37,2.716417E-004, 0.39084, 40.659
2079.3,103,7.589383E-4,    44,3.242067E-004, 0.36938, 42.718
2081.9,103,7.6117E-4,    50,3.695000E-004, 0.31387, 48.544
2084.5,110,8.141833E-4,    53,3.922883E-004, 0.31712, 48.182
2087.2,117,8.6541E-4,    60,4.438000E-004, 0.29003, 51.282
2089.8,110,8.270167E-4,    57,4.285450E-004, 0.28552, 51.818
2092.4,103,7.893233E-4,    54,4.138200E-004, 0.28044, 52.427
2095.1,105,7.9905E-4,    52,3.957200E-004, 0.30519, 49.524
2097.7,113,8.574817E-4,    48,3.642400E-004, 0.37184, 42.478
2100.3,115,8.8205E-4,    51,3.911700E-004, 0.35313, 44.348
2102.9,117,9.0402E-4,    57,4.404200E-004, 0.31231, 48.718
2105.5,120,9.304E-4,    58,4.496933E-004, 0.31575, 48.333
2108.2,117,9.1416E-4,    64,5.000533E-004, 0.26201, 54.701
2110.8,111,8.7579E-4,    65,5.128500E-004, 0.23241, 58.559
2113.4,100,7.981667E-4,    47,3.751383E-004, 0.32790, 47.000
2116.0,96,7.8704E-4,    49,4.017183E-004, 0.29208, 51.042
2118.6,100,8.31E-4,    52,4.321200E-004, 0.28400, 52.000
2121.2,101,8.320717E-4,    43,3.542483E-004, 0.37085, 42.574
2123.8,106,8.785633E-4,    54,4.475700E-004, 0.29291, 50.943
2126.4,107,9.034367E-4,    50,4.221667E-004, 0.33041, 46.729
2129.0,117,0.00100971,    42,3.624600E-004, 0.44494, 35.897
2131.6,106,9.278533E-4,    33,2.888600E-004, 0.50679, 31.132
2134.1,86,7.517833E-4,    28,2.447667E-004, 0.48734, 32.558
2136.7,92,8.0546E-4,    37,3.239350E-004, 0.39559, 40.217
2139.3,98,8.6142E-4,    36,3.164400E-004, 0.43492, 36.735
2141.9,100,8.781667E-4,    36,3.161400E-004, 0.44370, 36.000
2144.5,94,8.203067E-4,    38,3.316133E-004, 0.39334, 40.426
2147.0,94,8.193667E-4,    38,3.312333E-004, 0.39334, 40.426
2149.6,89,7.832E-4,    33,2.904000E-004, 0.43088, 37.079
2152.2,86,7.717067E-4,    33,2.961200E-004, 0.41598, 38.372
2154.8,93,8.4382E-4,    33,2.994200E-004, 0.44997, 35.484
2157.3,93,8.4568E-4,    34,3.091733E-004, 0.43700, 36.559
2159.9,93,8.4723E-4,    40,3.644000E-004, 0.36642, 43.011
2162.4,86,7.874733E-4,    41,3.754233E-004, 0.32171, 47.674
2165.0,82,7.528967E-4,    33,3.029950E-004, 0.39530, 40.244
2167.6,76,7.013533E-4,    29,2.676217E-004, 0.41842, 38.158
2170.1,83,7.73145E-4,    32,2.980800E-004, 0.41393, 38.554
2172.7,99,9.306E-4,    41,3.854000E-004, 0.38285, 41.414
2175.2,88,8.274933E-4,    42,3.949400E-004, 0.32123, 47.727
2177.7,86,8.127E-4,    39,3.685500E-004, 0.34343, 45.349
2180.3,90,8.5665E-4,    38,3.616967E-004, 0.37446, 42.222
2182.8,91,8.705667E-4,    44,4.209333E-004, 0.31559, 48.352
2185.4,87,8.3665E-4,    48,4.616000E-004, 0.25828, 55.172
2187.9,73,7.1102E-4,    32,3.116800E-004, 0.35817, 43.836
2190.4,67,6.628533E-4,    30,2.968000E-004, 0.34895, 44.776
2193.0,78,7.8E-4,    27,2.700000E-004, 0.46073, 34.615
2195.5,80,8.062667E-4,    29,2.922717E-004, 0.44069, 36.250
2198.0,76,7.650667E-4,    37,3.724667E-004, 0.31261, 48.684
2200.5,76,7.678533E-4,    30,3.031000E-004, 0.40369, 39.474
2203.1,77,7.833467E-4,    32,3.255467E-004, 0.38134, 41.558
2205.6,76,7.943267E-4,    27,2.821950E-004, 0.44945, 35.526
2208.1,87,9.25535E-4,    20,2.127667E-004, 0.63849, 22.989
2210.6,75,7.91375E-4,    30,3.165500E-004, 0.39794, 40.000
2213.1,71,7.441983E-4,    35,3.668583E-004, 0.30719, 49.296
2215.6,73,7.660133E-4,    22,2.308533E-004, 0.52090, 30.137
2218.1,69,7.2634E-4,    24,2.526400E-004, 0.45864, 34.783
2220.6,82,8.6797E-4,    34,3.598900E-004, 0.38233, 41.463
2223.1,77,8.2236E-4,    23,2.456400E-004, 0.52476, 29.870
2225.6,67,7.3164E-4,    19,2.074800E-004, 0.54732, 28.358
2228.1,67,7.347667E-4,    19,2.083667E-004, 0.54732, 28.358
2230.6,69,7.48075E-4,    24,2.602000E-004, 0.45864, 34.783
2233.1,71,7.812367E-4,    29,3.190967E-004, 0.38886, 40.845
2235.6,68,7.6126E-4,    14,1.567300E-004, 0.68638, 20.588
2238.1,61,6.897067E-4,     4,4.522667E-005, 1.18327,  6.557
2240.5,64,7.272533E-4,    14,1.590867E-004, 0.66005, 21.875
2243.0,64,7.317333E-4,     7,8.003333E-005, 0.96108, 10.938
2245.5,63,7.29015E-4,     4,4.628667E-005, 1.19728,  6.349
2248.0,60,7.021E-4,     4,4.680667E-005, 1.17609,  6.667
2250.4,58,6.8469E-4,     6,7.083000E-005, 0.98528, 10.345
2252.9,58,6.7831E-4,    14,1.637300E-004, 0.61730, 24.138
2255.4,49,5.722383E-4,    12,1.401400E-004, 0.61101, 24.490
2257.8,49,5.839983E-4,    15,1.787750E-004, 0.51410, 30.612
2260.3,52,6.259067E-4,    18,2.166600E-004, 0.46073, 34.615
2262.8,53,6.46865E-4,     5,6.102500E-005, 1.02531,  9.434
2265.2,46,5.758433E-4,    -2,-2.503667E-005, 1.66276,  2.174
2267.7,39,4.96405E-4,     0,0.000000E+000, 1.59106,  2.564
2270.1,46,5.904867E-4,     7,8.985667E-005, 0.81766, 15.217
2272.6,51,6.613E-4,    17,2.204333E-004, 0.47712, 33.333
2275.0,44,5.824867E-4,    13,1.720983E-004, 0.52951, 29.545
2277.5,36,4.872E-4,     8,1.082667E-004, 0.65321, 22.222
2279.9,41,5.62315E-4,    19,2.605850E-004, 0.33403, 46.341
2282.3,33,4.65575E-4,    28,3.950333E-004, 0.07136, 84.848
2284.8,39,5.65305E-4,    18,2.609100E-004, 0.33579, 46.154
2287.2,48,7.0888E-4,    10,1.476833E-004, 0.68124, 20.833
2289.7,43,6.4844E-4,    13,1.960400E-004, 0.51953, 30.233
2292.1,42,6.4176E-4,     7,1.069600E-004, 0.77815, 16.667
2294.5,37,5.7646E-4,     0,0.000000E+000, 1.56820,  2.703
2296.9,38,6.052133E-4,     5,7.963333E-005, 0.88081, 13.158
2299.3,42,6.811E-4,    24,3.892000E-004, 0.24304, 57.143
2301.8,36,5.9586E-4,    20,3.310333E-004, 0.25527, 55.556
2304.2,26,4.416967E-4,    13,2.208483E-004, 0.30103, 50.000
2306.6,31,5.33975E-4,    12,2.067000E-004, 0.41218, 38.710
2309.0,46,8.053067E-4,     0,0.000000E+000, 1.66276,  2.174
2311.4,30,5.4205E-4,     1,1.806833E-005, 1.47712,  3.333
2313.8,30,5.571E-4,     5,9.285000E-005, 0.77815, 16.667
2316.2,47,8.876733E-4,     9,1.699800E-004, 0.71786, 19.149
2318.6,30,5.7915E-4,    15,2.895750E-004, 0.30103, 50.000
2321.0,22,4.3285E-4,     8,1.574000E-004, 0.43933, 36.364
2323.4,25,4.923333E-4,    -6,-1.181600E-004, 1.39794,  4.000
2325.8,25,4.987917E-4,     4,7.980667E-005, 0.79588, 16.000
2328.2,25,5.073333E-4,    16,3.246933E-004, 0.19382, 64.000
2330.6,27,5.57505E-4,    10,2.064833E-004, 0.43136, 37.037
2333.0,31,6.6092E-4,    18,3.837600E-004, 0.23609, 58.065
2335.4,30,6.504E-4,    19,4.119200E-004, 0.19837, 63.333
2337.7,26,5.762033E-4,     0,0.000000E+000, 1.41497,  3.846
2340.1,26,5.875133E-4,     8,1.807733E-004, 0.51188, 30.769
2342.5,22,4.995833E-4,    20,4.541667E-004, 0.04139, 90.909
2344.9,14,3.2095E-4,     6,1.375500E-004, 0.36798, 42.857
2347.2,22,5.091167E-4,    -2,-4.628333E-005, 1.34242,  4.545
2349.6,27,6.33555E-4,     7,1.642550E-004, 0.58627, 25.926
2352.0,18,4.3191E-4,    14,3.359300E-004, 0.10914, 77.778
2354.3,16,3.953067E-4,     9,2.223600E-004, 0.24988, 56.250
2356.7,19,4.783567E-4,     2,5.035333E-005, 0.97772, 10.526
2359.1,25,6.359167E-4,     5,1.271833E-004, 0.69897, 20.000
2361.4,22,5.720367E-4,     6,1.560100E-004, 0.56427, 27.273
2363.8,21,5.61505E-4,     5,1.336917E-004, 0.62325, 23.810
2366.1,17,4.659983E-4,     7,1.918817E-004, 0.38535, 41.176
2368.5,10,2.765333E-4,    -8,-2.212267E-004, 1.00000, 10.000
2370.8,16,4.4664E-4,    -4,-1.116600E-004, 1.20412,  6.250
2373.2,13,3.755267E-4,     8,2.310933E-004, 0.21085, 61.538
2375.5,12,3.6132E-4,    -5,-1.505500E-004, 1.07918,  8.333
2377.8,24,7.3836E-4,    -2,-6.153000E-005, 1.38021,  4.167
2380.2,18,5.583E-4,    10,3.101667E-004, 0.25527, 55.556
2382.5,8,2.559467E-4,    10,3.199333E-004,-0.09691,125.000
2384.8,21,6.8957E-4,     9,2.955300E-004, 0.36798, 42.857
2387.2,21,6.9846E-4,     6,1.995600E-004, 0.54407, 28.571
2389.5,8,2.753867E-4,     8,2.753867E-004, 0.00000,100.000
2391.8,0,0.0,    11,3.927183E-004,-1.04139,1100.000
2394.1,8,2.914533E-4,     8,2.914533E-004, 0.00000,100.000
2396.4,15,5.562E-4,    -7,-2.595600E-004, 1.17609,  6.667
2398.8,20,7.764E-4,     0,0.000000E+000, 1.30103,  5.000
2401.1,25,0.001014167,    16,6.490667E-004, 0.19382, 64.000
2403.4,14,5.744667E-4,     7,2.872333E-004, 0.30103, 50.000
2405.7,13,5.403883E-4,     9,3.741150E-004, 0.15970, 69.231
2408.0,8,3.460533E-4,     0,0.000000E+000, 0.90309, 12.500
2410.3,7,3.156417E-4,    -4,-1.803667E-004, 0.84510, 14.286
2412.6,10,4.616E-4,     3,1.384800E-004, 0.52288, 30.000
2414.9,6,2.8149E-4,    -1,-4.691500E-005, 0.77815, 16.667
2417.2,15,7.223E-4,     0,0.000000E+000, 1.17609,  6.667
2419.5,13,6.624367E-4,    10,5.095667E-004, 0.11394, 76.923
2421.8,6,3.1953E-4,     3,1.597650E-004, 0.30103, 50.000
2424.0,13,7.005267E-4,    -1,-5.388667E-005, 1.11394,  7.692
2426.3,11,6.053117E-4,     3,1.650850E-004, 0.56427, 27.273
2428.6,3,1.7318E-4,    -3,-1.731800E-004, 0.47712, 33.333
2430.9,9,5.3664E-4,     1,5.962667E-005, 0.95424, 11.111
2433.2,14,8.442467E-4,    10,6.030333E-004, 0.14613, 71.429
2435.4,8,4.929733E-4,     4,2.464867E-004, 0.30103, 50.000
2437.7,14,9.027433E-4,     5,3.224083E-004, 0.44716, 35.714
2440.0,9,6.01875E-4,     0,0.000000E+000, 0.95424, 11.111
2442.2,1,6.866333E-5,     2,1.373267E-004,-0.30103,200.000
2444.5,6,4.3039E-4,     3,2.151950E-004, 0.30103, 50.000
2446.8,6,4.3955E-4,     0,0.000000E+000, 0.77815, 16.667
2449.0,4,3.032E-4,     1,7.580000E-005, 0.60206, 25.000
2451.3,3,2.4102E-4,     2,1.606800E-004, 0.17609, 66.667
2453.5,0,0.0,     6,5.038700E-004,-0.77815,600.000
2455.8,5,4.33475E-4,     3,2.600850E-004, 0.22185, 60.000
2458.0,12,0.00104394,     9,7.829550E-004, 0.12494, 75.000
2460.3,9,7.9974E-4,    12,1.066320E-003,-0.12494,133.333
2462.5,6,5.6219E-4,    -5,-4.684917E-004, 0.77815, 16.667
2464.8,9,8.9802E-4,   -12,-1.197360E-003, 0.95424, 11.111
2467.0,15,0.001589825,     3,3.179650E-004, 0.69897, 20.000
2469.2,9,9.762E-4,     7,7.592667E-004, 0.10914, 77.778
2471.5,0,0.0,     2,2.281767E-004,-0.30103,200.000
2473.7,2,2.4684E-4,     0,0.000000E+000, 0.30103, 50.000
2475.9,5,6.424083E-4,     0,0.000000E+000, 0.69897, 20.000
2478.2,4,5.3804E-4,     3,4.035300E-004, 0.12494, 75.000
2480.4,-3,-4.29915E-4,     5,7.165250E-004,-0.69897,500.000
2482.6,0,0.0,    10,1.584683E-003,-1.00000,1000.000
2484.8,0,0.0,     9,1.567365E-003,-0.95424,900.000
2487.0,-1,-1.823483E-4,     4,7.293933E-004,-0.60206,400.000
2489.2,2,3.854367E-4,     2,3.854367E-004, 0.00000,100.000
2491.5,1,2.104517E-4,    -4,-8.418067E-004, 0.00000,100.000
2493.7,0,0.0,     6,1.403540E-003,-0.77815,600.000
2495.9,6,0.00147121,     8,1.961613E-003,-0.12494,133.333
2498.1,11,0.003153168,    -4,-1.146607E-003, 1.04139,  9.091
2500.3,0,0.0,    -3,-9.879550E-004, 0.00000,100.000
2502.5,2,6.2074E-4,     0,0.000000E+000, 0.30103, 50.000
2504.7,11,0.003650258,     9,2.986575E-003, 0.08715, 81.818
2506.9,9,0.003383025,    15,5.638375E-003,-0.22185,166.667
2509.1,6,0.00231311,    12,4.626220E-003,-0.30103,200.000
